/travel-advice-and-recommendations,/travel-tips
/continent-asia-travel-guide-advice-recommendations,/continent/asia/travel-tips-asia
/continent-europe-travel-guide-advice-recommendations,/continent/europe/travel-tips-europe
/continent-north-america-travel-guide-advice-recommendations,/continent/europe/travel-tips-north-america
/continent-south-america-travel-guide-advice-recommendations,/continent/europe/travel-tips-south-america
/continent/europe/travel-information,/continent/europe
/country-australia-travel-guide-advice-recommendations,/travel/australia/travel-tips-australia
/continent-africa-middle-east-travel-guide-advice-recommendations,/continent/africa/travel-tips-africa
/travel-best-ruins-to-visit-worldwide,/travel-advice/the-best-ancient-ruins-to-visit-in-the-world
/news/2012/june/travel-recommendations-for-the-best-beaches-in-the-world,/travel-advice/the-best-beaches-in-the-world-to-visit
/news/2010/october/usa-travel-new-york-hotel-and-area-advice,/travel/united-states/new-york/cheap-accommodation-hotels-and-hostels-in-new-york
/news/2012/october/usa-new-york-travel-information-and-advice-for-places-to-visit,/travel/united-states/new-york
/guest-articles/holidays-in-florida,/travel/united-states/florida
/search/europe-volunteer-projects,/continent/europe/volunteer
/news/2012/september/brazil-travel-useful-words-and-phrases,/travel/brazil/useful-brazilian-portuguese-words-and-phrases
/news/2010/august/learn-a-new-language-spanish-basic-phrases-courses-travel,/travel/spain/useful-spanish-phrases-for-travel-in-spain
/continent-asia-travel-guide-advice-recommendations,/continent/asia/travel-tips-asia
/travel/argentina/study-spanish,/travel/argentina/learn-spanish-in-argentina
/search/argentina-learn-spanish,/travel/argentina/learn-spanish-in-argentina
/search/south-america-learn-spanish,/continent/south-america/learn-spanish-in-south-america
/search/central-america-study-spanish,/continent/central-america/learn-spanish-in-central-america
/guest-articles/tips-for-making-your-holiday-budget-stretch-a-little-further,/travel-tips/tips-for-making-your-holiday-budget-stretch-a-little-further
/news/2012/february/bali-holidays,/travel/indonesia/bali
/news/2011/september/five-things-to-do-in-china,/travel/china/best-things-to-see-and-do-in-china
/news/2012/october/spain-travel-advice-top-5-things-to-do-in-malaga,/travel/spain/malaga
/news/2012/september/cuba-travel-advice,/travel/cuba
/news/2011/february/volunteer-in-china,/travel/china/volunteer-in-china
/search/mexico-learn-spanish,/travel/mexico/learn-spanish-in-mexico
/travel/new-zealand/travel-information,/travel/new-zealand/travel-tips-new-zealand
/country-new-zealand-travel-guide-advice-recommendations,/travel/new-zealand/travel-tips-new-zealand
www.oneworld365.org/news/2010/october/france-paris-travel-and-accommodation-advice,/travel/france/paris/cheap-accommodation-hotels-and-hostels-in-paris
/news/2010/december/north-america-tour-packages,/continent/north-america/travel-tour
/news/2011/february/mongolia-volunteering-opportunities,/travel/mongolia/volunteer-abroad
http://www.oneworld365.org/news/2012/september/brazil-rio-de-janeiro-travel-and-volunteer,/travel/brazil/rio-de-janeiro
/news/2011/september/top-north-american-holiday-destinations,/continent/north-america
/news/2010/november/travel-abroad-south-africa-tours-safaris-adventure-trips,/travel/south-africa/travel-adventure-tours
/news/2010/january/inspiring-travel-and-volunteer-programs-in-israel,/travel/israel/volunteer-abroad
/news/2012/april/join-volunteer-programs-in-israel-and-palestine,/travel/israel/volunteer-abroad
/news/2012/august/central-america-spanish-classes,/continent/central-america/learn-spanish-in-central-america
/news/2011/april/spanish-language-courses-south-america,/continent/south-america/learn-spanish-in-south-america
/news/2012/october/new-zealand-north-island-travel-information,/travel/new-zealand/north-island
/news/2012/october/new-zealand-south-island-travel-information,/travel/new-zealand/south-island
/news/2012/october/travel-and-learn-to-scuba-dive-in-australia,/travel/australia/scuba-diving-in-australia
/news/2012/october/australia-east-coast-travel-information,/travel/australia/queensland
/news/2012/october/australia-outback-travel-information,/travel/australia/northern-territory
/news/2012/october/south-australia-travel-information-advice-and-recommendations,/travel/australia/south-australia
/news/2012/november/a-different-kind-of-isle-the-natural-winder-of-fraser-island-australia,/travel/australia/fraser-island
/news/2012/september/australia-top-10-things-to-do-and-places-to-see,/travel/australia/top-10-things-to-do-and-places-to-see-in-australia
/news/2012/august/australia-wildlife-tours,/travel/australia/travel-adventure-tours
/guest-articles/take-a-career-break-and-work-abroad-with-an-australian-visa,/travel/australia/work-abroad
/news/2012/september/australia-top-10-things-to-do-and-places-to-see,/travel/australia/top-10-things-to-do-and-places-to-see-in-australia
/news/2012/october/nature-and-wildlife-tourist-sights-in-sydney-australia,/travel/australia/new-south-wales/sydney
/news/2010/october/australia-sydney-travel-opportunities-and-accommodation-advice,/travel/australia/new-south-wales/sydney
/news/2012/october/tasmania-travel-advice-and-opportunities,/travel/australia/tasmania
